final_pnl,max_drawdown,pnl_volatility,sharpe_like,trades,max_abs_inventory,transaction_costs,average_half_spread,regime,seed
1988.8963182673924,45.69902757734053,9.779968439682253,9.10383583498811,154,14,92.21721699237114,0.1395585590213724,calm,1
2104.3376334709683,8.827931152191923,8.009713307512927,11.643634403241052,145,6,135.6714926423195,0.16639999657957938,calm,2
2776.1782235722135,7.7318346049505635,10.698473986721748,11.61649835973118,131,7,195.67188512153677,0.25703026259937845,calm,3
2901.4390330186216,4.081745851239248,11.653164116728188,11.14600705564424,125,7,193.3808027310699,0.27861450027960266,calm,4
1760.488740928989,38.473978405061644,8.914662794553161,8.734977954101131,162,11,131.67003275724682,0.13380796832083047,calm,5
2719.972865097667,18.93703018672386,10.061881360187204,12.101385790383427,132,8,192.32329118241447,0.23016358803029913,calm,6
2050.426246218119,19.19500035533315,7.583029556403688,12.104619180359512,189,8,54.455780505699494,0.12296776643919669,calm,7
2202.264953667792,5.642275844671531,8.083641234324977,12.195855335662795,145,7,171.79587646174255,0.17610816766373505,calm,8
2553.956782284287,47.306905511628884,10.324232319861155,10.982888346604422,135,11,208.0989026346071,0.2169853909475878,calm,9
1894.539532972173,29.712303601283566,8.940676198935073,9.485998087172652,167,9,37.71899718014007,0.12295917513151122,calm,10
2824.2426970566817,9.657161504255328,10.528582930589497,12.008308021165726,130,6,203.51366645804,0.2530391515402788,calm,11
2838.6650929392467,20.23294547366322,10.901709409772664,11.656529924846327,138,9,217.34614060016227,0.23595421490262355,calm,12
2853.142383276383,18.131130775916972,11.834017629636094,10.713460274083658,126,10,208.80307117702657,0.2625696996372745,calm,13
2967.819782781226,9.80871245093249,12.867530856222588,10.325046928213418,109,7,183.45101458546316,0.3033433463642066,calm,14
3420.0397300264162,4.003132564739644,12.525313602733846,12.22340692859689,137,9,236.90294425175438,0.2853525302171141,calm,15
2384.3808533665615,4.606734740664251,9.06785337840814,11.771203388810953,143,7,140.1681770905351,0.1994515188265078,calm,16
1920.517977882143,32.09351462701488,7.176349205609434,11.980213026181401,165,9,95.3878182306799,0.1352253255856276,calm,17
2267.347397101896,6.848270953123574,8.166854901310113,12.428335094414109,157,6,162.5650930843284,0.1707124927373506,calm,18
2254.2067319244875,15.692029553174507,8.613745994651156,11.606011571162519,138,10,171.8667325428737,0.19139754432114456,calm,19
1970.5453863357172,74.54523692992916,10.481099245990759,8.32668480936967,178,12,60.26135748595463,0.12383283532363984,calm,20
2086.277273833144,11.646806851392284,7.87014352490479,11.8669497106391,147,7,131.1798641638371,0.16244633592546848,calm,21
3115.497865895199,9.70450218080805,11.395612137139635,12.156251062383436,130,7,213.3827727485337,0.2705216129585208,calm,22
2274.9113696916493,12.280978867958765,8.668560744195588,11.748088558569016,164,8,174.99352641213702,0.16095856822342475,calm,23
1791.9052306130104,10.851041477932768,6.567342722476745,12.071210771052886,164,7,58.762057193781686,0.12703726178796076,calm,24
2544.7807456029905,4.711381646797236,9.914584934990225,11.49014633449464,112,5,181.214084226976,0.25933771209955114,calm,25
2840.505150781177,6.511285401375062,10.897198709079644,11.66891397170864,126,7,202.4782896564787,0.25969131999874073,calm,26
2505.072902823625,20.752479464234057,9.151483217089652,12.254020678163059,156,9,193.24534173015778,0.18940376432956121,calm,27
2013.8241282171434,6.2672257966532925,7.864894978538503,11.462473360972075,137,7,143.34609381812373,0.17678843239377143,calm,28
2611.4451957043207,8.288668508786486,10.08308866233139,11.594100410128053,120,8,192.18177784457163,0.24465680599108383,calm,29
2105.787997417435,4.53079075644564,9.588979491311038,9.8308706836384,89,5,146.60668078693493,0.2677516160873026,calm,30
3205.968196632094,9.638987567810545,12.141759670392526,11.820267490204271,135,7,208.5506723439545,0.2733112720935432,calm,31
2809.641925891191,9.278465986681113,12.083187970783824,10.409243560275964,110,8,181.65958108582848,0.2970361656441163,calm,32
3117.2236211359495,12.694380151537189,11.970569671665347,11.657431360687305,145,10,234.51499508653464,0.2444458929334482,calm,33
1789.9516448536585,8.31365573268431,7.15053479476423,11.206048600790798,140,6,92.64394076708774,0.14856762326968215,calm,34
3147.5985169010182,5.036781123424589,13.553829097357909,10.396018746147625,104,7,171.61861143408458,0.35609167973223554,calm,35
2115.936719992441,86.56837879032992,9.30381804269959,10.079885421461894,130,12,164.42733333111036,0.18740597025794614,calm,36
1723.2395430577212,13.063054435871436,7.326343236293716,10.529508939783256,138,7,99.8914543330818,0.14207226591230285,calm,37
2362.80327121778,10.155976784495579,8.294891253080346,12.75165616423116,153,9,144.75770804444596,0.17821600655943923,calm,38
2903.317108373754,3.662457591999555,10.25210044510552,12.58565575157603,132,5,195.93784526549464,0.25132544760733416,calm,39
2669.015737572175,3.9070592574316834,9.142368428554876,13.068993525328771,160,6,193.97836644840442,0.19723964024213558,calm,40
1802.844690630891,13.080472812485823,6.9900956432038726,11.54582376952315,147,7,122.9135839187779,0.1460067867999871,calm,41
2099.6366673417597,8.01138064058614,7.878804135634138,11.92981122462853,153,7,152.1067016222629,0.16418506458231685,calm,42
1983.9554740589354,84.1314661316137,8.938090268869953,9.936579505352023,145,12,166.6882315100202,0.15841090015624676,calm,43
3850.9302358223945,2.531738427165692,13.249922642187672,12.939728115471953,133,4,229.06317189394696,0.32421227273224795,calm,44
2573.278560598354,25.960011647825013,9.402053631767801,12.252192304700275,164,9,204.89258197738224,0.18481405130555378,calm,45
2371.846215280528,13.030537973518221,9.060141947072182,11.719288679189678,147,6,154.0948110035715,0.19212969627371831,calm,46
2211.406711239819,5.787288403753337,8.359343195562879,11.842576388677216,136,7,165.2090853796851,0.18820312608200812,calm,47
2629.9094367290886,7.986248486748536,10.376212635587375,11.255551781063222,139,7,175.08003346550137,0.23119072082887385,calm,48
3804.895476664564,6.098294418521618,16.13937033062544,10.55372737211514,100,5,190.92073833292764,0.45092496715851066,calm,49
2772.971811453048,3.5252599832747364,10.646038362310692,11.660231024344062,132,8,188.24193180918044,0.24045017409078945,calm,50
3599.9354524014116,7.713549469995087,16.06120390145836,10.033820914938588,143,7,47.7413791510861,0.44162245358134455,volatile,1
3218.436542449517,18.60606288382678,18.00340654482713,8.002763619348519,92,7,63.31063362969095,0.6961584680082096,volatile,2
2735.897102865829,58.73188916552863,23.88754970285654,5.127171954702978,28,4,68.07450752703907,1.431025227548463,volatile,3
2760.612423804277,14.630927114655151,23.280249827670488,5.3084475267842866,30,3,45.280228988627854,1.613859852705387,volatile,4
5764.5077550756205,14.402225114838075,20.234553147473083,12.753175522445524,151,8,106.26616774280235,0.4484137981401455,volatile,5
3152.221567284005,29.055405300132406,26.836422816053897,5.258257350600899,31,6,92.45864411390076,1.2132358663779939,volatile,6
5068.801739261981,20.901507109669183,17.224789275993036,13.173498132935906,217,11,52.05543900592601,0.2925699966408939,volatile,7
5029.690191407725,33.843849249067716,26.45240892938881,8.511884744589384,78,8,108.9514754259088,0.7875798188682592,volatile,8
3074.673060693348,21.07956182624548,24.736544509429738,5.3603296327774,32,5,68.29813040504537,1.1062723675827564,volatile,9
4289.2206936273315,20.14786253411671,16.611487985427367,11.558981891828441,203,11,27.875949827081442,0.2878264748296242,volatile,10
2775.9386583723194,57.68849063358357,25.772630562032482,4.821707307217185,24,7,81.0397309146295,1.3948356830699293,volatile,11
3730.1884321244906,20.41643174685305,28.430469621641656,5.873493123013717,34,3,64.19084168493411,1.257071002361482,volatile,12
3447.8407034487127,13.78240872371316,28.78491880913234,5.3620629813687,31,6,65.88832968315707,1.4731914991004205,volatile,13
2124.7176562325535,41.309994324177296,22.317784214799726,4.261866875392272,21,4,49.047196423302964,1.8193050026667286,volatile,14
2478.9804933522546,7.739942365835304,24.99578755479462,4.439724400282689,20,2,33.13182741137779,1.6578653063702258,volatile,15
3202.680387437238,5.9922427856040485,20.951170768006573,6.843133786651969,89,6,49.00305088021901,0.94315666200493,volatile,16
4431.643108379262,18.38233146719722,17.36157840740385,11.426817716489028,155,7,71.02531689216703,0.4175194824214251,volatile,17
5314.832739049173,24.267667266858552,23.95068430401387,9.933937023343484,99,7,98.37811725124853,0.7484237911438343,volatile,18
3663.9630679198353,24.723447597914856,23.942963099803308,6.85051021717152,49,4,63.92182941847339,0.9055072726162412,volatile,19
5141.701148711672,13.718164454066937,18.418844405901094,12.496666460456844,212,10,45.28503619382175,0.2964102814123544,volatile,20
3837.3333776677264,12.103292318390231,20.258319695298493,8.479609211980627,101,7,65.88057300125314,0.6572848724179887,volatile,21
3098.2437336677503,14.05091339946739,29.033183411614704,4.7771694848622,23,5,59.72959421768065,1.5366944683493524,volatile,22
5064.7040711878435,13.647696659686517,22.908297664498473,9.897168959131655,90,6,89.3863121939928,0.6708244303488079,volatile,23
4067.9344424232568,5.821080552597778,15.722088462631406,11.58279678670075,186,8,46.366236235354826,0.32759035115393254,volatile,24
2036.9231576491065,13.462347801007127,22.191147730986177,4.109080109615793,17,4,37.383969750521224,1.4448518305093807,volatile,25
2870.201678598351,7.376470872832215,26.736708278697723,4.805672863389187,23,3,42.56806678500554,1.4488312499869114,volatile,26
5451.395125529288,16.657702865435567,28.35281219324033,8.607187177672083,69,5,91.18182996527409,0.8893107637233697,volatile,27
3859.4862647267937,11.481347156714946,20.824597390420433,8.296647012728714,79,3,61.766154328017286,0.7890040417865505,volatile,28
2434.8443148567603,7.7681546874027845,23.85148157723336,4.569888074042726,21,3,38.761092217917614,1.3264940556129272,volatile,29
1720.3564863501658,37.018660540285055,21.929176777782327,3.511929975271152,13,4,56.17314869909118,1.5122681837395062,volatile,30
2806.130697838198,14.935324212416162,22.824492571653373,5.503722022431803,32,5,36.970072702213045,1.5702585651301364,volatile,31
2647.7766653004237,7.12664304514783,25.130522902406355,4.716605492228101,23,3,40.07045490830725,1.765395279078032,volatile,32
3352.197049510265,34.09973434000494,27.41483988256322,5.473858327592205,31,4,65.92369204391177,1.3262532811082064,volatile,33
3797.6646853455736,9.440227644627157,18.16324512195572,9.35993643263827,127,9,51.79000143636267,0.5289603832519528,volatile,34
1904.962943986137,52.63412764510349,19.662572268376586,4.33706496374722,20,3,40.331369365738894,2.2540575006966757,volatile,35
3972.8720232659084,18.690878405910553,24.25222404004988,7.333355369652248,62,6,68.07046679085893,0.8710751790287143,volatile,36
4334.821299185027,6.55342468040908,20.012732531602758,9.696489571099487,113,8,61.604769196029594,0.49502535383640334,volatile,37
3893.250719064385,11.133212289239054,19.39792888903627,8.984765295872888,98,6,69.41838563486778,0.7877720364113838,volatile,38
2716.724405597868,42.64706654553447,25.595807330655926,4.554341597161213,22,7,84.73005824819039,1.3807426722824057,volatile,39
5712.268132705679,23.280074553993472,28.705199123685492,8.908359776020147,77,8,124.36788412591211,0.9546611037908965,volatile,40
4978.459944176212,10.261120045954158,20.291922438312387,10.983014343085108,119,7,86.8363019072874,0.5560730408568199,volatile,41
5258.754272298226,14.431763849066556,23.589409538005096,9.979655159014577,95,6,97.20292200741855,0.6966383996451389,volatile,42
4521.789915090051,31.627239599605673,22.802867490466795,8.877090441228201,85,10,104.89917721019054,0.6513233913343429,volatile,43
2160.6299759117296,17.309902839955612,27.11647840337567,3.5669484827597637,13,3,46.366419317393344,1.9761047720343645,volatile,44
6078.278471267637,11.322481984800106,28.418279683332056,9.574862282011729,83,5,96.56077694182716,0.8548899536381654,volatile,45
3678.6330587499197,13.89299247137933,22.05253358919248,7.4675425234335275,91,5,63.742927489662804,0.8944153127612022,volatile,46
3982.424937528716,22.45405467400451,24.48170025007879,7.282085098000702,53,4,69.34056972602448,0.8810580569760832,volatile,47
3809.7353529300935,20.507163952272094,24.230083661680762,7.038654072600099,72,5,73.96944297535617,1.2298199727110997,volatile,48
740.4962830167551,8.517896066484354,18.496517726606605,1.7921841703207713,4,1,8.789397194252565,3.0598439966429614,volatile,49
4153.876837200917,24.951165100297658,30.34749777723924,6.1274595705762325,38,8,99.13254726834782,1.296699929672614,volatile,50
5211.6001404122635,14.990146676980658,19.488783571419713,11.971155761845306,183,11,69.12370822821647,0.44310248085841025,adverse,1
4732.432823522692,34.26624020199233,22.54283828906857,9.397786824865472,122,10,93.0211477580875,0.6759726525679515,adverse,2
4169.348152213879,4.999920756546544,27.992990675524787,6.66758543382803,43,3,60.375540532492764,1.3668195289560194,adverse,3
3930.1782514038096,22.259161759877315,26.687443724100753,6.592573777193347,44,5,65.70046674524438,1.5342339889940968,adverse,4
6463.425521122168,12.425606328917638,21.010120415802962,13.771585236484942,174,11,120.67818971661119,0.43994145305975124,adverse,5
4437.779958722542,19.51704820588202,29.951706227327588,6.632754520743641,45,4,69.52721933681346,1.1630578475908286,adverse,6
6390.362734358468,6.48932893107667,18.24776641335259,15.67709264365576,256,10,55.58762619532135,0.30488035769492583,adverse,7
6478.779622653695,21.58041351418069,28.423150119929367,10.204006483955533,102,7,125.53986265073888,0.7620315677165298,adverse,8
4386.143491617817,26.865920108328282,28.459221330284194,6.729518093068784,46,5,88.26270572264053,1.0635703100857268,adverse,9
5761.501339361974,40.38585852322831,19.604436270679642,13.15621723041451,242,14,35.221449680085335,0.30209308113481154,adverse,10
3948.378177362506,36.23650642002758,29.736693834669865,5.943958774956172,35,7,89.4363930572547,1.3342268968875242,adverse,11
4938.059700752529,7.648394386204018,31.703363343569993,6.972695909661725,46,5,70.77776405029947,1.2052725976639929,adverse,12
4524.609850449383,5.881316876177152,32.48354676686675,6.235444550739608,41,6,70.39873040693206,1.4062541626575666,adverse,13
3137.9350711944,8.575356902147178,25.48153597380677,5.512747201774539,31,5,49.12648480331189,1.724560335194251,adverse,14
3470.1566637677925,7.550892121060315,29.181605687820447,5.323406423029918,28,2,49.7839639635426,1.5789633504280423,adverse,15
4504.624131004992,12.887767896361765,25.132110195727673,8.02378588304258,108,6,78.27831857924286,0.9098602608285039,adverse,16
6384.010223666901,14.645180422281555,20.590217410374628,13.879773169537916,202,10,103.13548309030642,0.417506786147967,adverse,17
6499.735316701146,14.052921962931578,25.193358193857794,11.549397725487868,126,5,118.98185006842422,0.7236747762337445,adverse,18
5074.672586575934,12.561292745704122,27.422523591649114,8.284195428937071,67,8,99.02522548566081,0.8741320279611157,adverse,19
6399.046472015264,22.229305865930655,20.24158994111991,14.152083058753353,248,12,52.62277700628183,0.3099481277236973,adverse,20
5337.797266904097,18.77664077682857,23.779316848506078,10.048758949614214,131,6,95.7757070019996,0.6396234874704115,adverse,21
4727.924769769514,18.66054452413664,35.1605499041962,6.01955831301855,36,7,83.40344689882009,1.4662367712016795,adverse,22
6932.754565336199,25.79877694690731,26.83741887975997,11.5641790675966,121,10,123.99722282418426,0.6514244197066275,adverse,23
5414.784257989051,3.6383220318903113,18.381725077175087,13.186957863007486,219,9,60.194317493654516,0.336721506747709,adverse,24
2719.841421191459,38.91258774906237,25.55292888900871,4.764887203661922,23,7,75.267369170022,1.3806934373192583,adverse,25
3546.623379882775,13.243670645307247,28.883808447869054,5.496805166050782,30,3,54.47420113906817,1.384418556276238,adverse,26
6508.016524737575,17.98952391283092,29.896643266170724,9.744867643272833,85,5,106.90275034273361,0.8591738085791986,adverse,27
4882.582907051119,22.396217786703346,22.89798119604703,9.545576427620354,99,6,95.48704015487965,0.7627500640798626,adverse,28
2959.669613476693,39.17801512066217,26.074228926614428,5.081377809003526,27,4,71.44158123109783,1.270386183107491,adverse,29
2710.4522442177686,27.148750808246405,27.613704387248983,4.394068426703898,20,5,62.263172222240065,1.4440589279002043,adverse,30
3351.417013594799,11.637670483443799,24.283387001549585,6.178299195984642,40,6,50.11555000307945,1.4943417603636309,adverse,31
3256.2358949369304,36.1171850120877,27.577596123186943,5.285781171129474,29,4,62.19690591271361,1.6750948424083154,adverse,32
5384.858772415275,10.366230508818262,33.51100471591012,7.193439509391374,49,4,87.79116444672987,1.2698611759149552,adverse,33
4822.368760566892,5.142815472718212,19.454176820821523,11.096787910068999,152,8,63.72821891032764,0.5222488138535782,adverse,34
2007.8591174898208,96.08882931761786,20.2145624453059,4.446503300176757,22,5,61.445090362028616,2.1272065494827146,adverse,35
5250.298578278602,13.809038957344455,26.567831763155745,8.846624965052905,87,9,96.57979564542899,0.8405179203099605,adverse,36
5973.758838092977,24.112663508009064,22.969209275026817,11.642637309762375,159,12,89.25115972981895,0.4885972699452373,adverse,37
4896.811484559528,8.694086437014448,21.791496681255307,10.059492074341435,120,8,88.88444234374117,0.7613670867723562,adverse,38
4741.682447281785,35.57074346454465,32.54159840157912,6.374393532942671,40,9,129.1284488461589,1.3210479005170637,adverse,39
6933.138663276486,16.704477616542135,30.764694367776833,10.088509526946801,96,8,142.74505182502185,0.9193484506744295,adverse,40
5969.551003322907,5.763215775279605,21.20698552845428,12.601215951606903,145,5,103.40245809559916,0.5408905254956723,adverse,41
6583.227790481424,14.531370340116155,25.73268147605557,11.45258610310591,120,9,113.57884969439074,0.6753988886271449,adverse,42
6521.886574952598,13.651042530185805,25.221453370206422,11.575849180602475,125,7,122.22597801913757,0.6327664927767105,adverse,43
3219.526234755636,10.136222574326894,32.05219502224686,4.49659650917547,20,4,50.13806559205916,1.874505044862789,adverse,44
6844.619275349271,8.237701483057208,29.243084717562407,10.477938396455045,97,6,112.41270021562177,0.8263283844469258,adverse,45
4643.390622787136,10.256377841242283,24.468308966086703,8.495344431468052,111,7,78.3946145588566,0.8620051937831278,adverse,46
5470.733681601725,17.88415411439928,28.16259878867417,8.696060902033699,72,10,110.35276110001526,0.8508317619056486,adverse,47
4618.725179405672,10.364021786518606,26.11601228461379,7.917079115207919,88,6,78.54407548790692,1.1738590475077997,adverse,48
860.3716117041628,11.367313518076116,18.584742103998366,2.0724270898212755,5,2,18.04656009389047,2.8648326456202513,adverse,49
5044.332036807316,7.43490031926558,32.21647869217667,7.009310893378569,50,3,66.78837437150618,1.24148554798578,adverse,50
